<?xml version="1.0" encoding="utf-8"?>
<prefix name="modnotes" label="Moderator Notes" language_tag="en" language_label="English"><key name="confirm_delete_note"><value>Are you sure you want to permanently delete this note? It will no longer be available to anyone.</value></key><key name="delete_note_title"><value>Delete</value></key><key name="display_note_overhead_summary"><value>Notes Concerning this User:</value></key><key name="display_note_title_addedby"><value>Added By</value></key><key name="display_note_title_dateadded"><value>Date Added</value></key><key name="display_note_title_notes"><value>Notes</value></key><key name="display_note_title_title"><value>Title</value></key><key name="note_add_content_label"><value>Notes</value></key><key name="note_add_content_submit_button"><value>Submit</value></key><key name="note_add_failure"><value>There was a problem adding this note, please contact Admin.</value></key><key name="note_add_subject_label"><value>Subject</value></key><key name="note_add_successful"><value>Your note was added!</value></key><key name="note_delete_success"><value>Note has been permanently deleted.</value></key><key name="togglebox_dropdown_title"><value>Add New Note</value></key><key name="userprofile_widget_title"><value>Moderator Notes</value></key></prefix>
